RECORD_TYPE_CODE,ID_NUMBER,PREF_CLASS_YEAR,PREF_MAIL_NAME,MAIL_MAIL_NAME,SALUTATION,PREF_NAME_SORT,P_CARE_OF,P_COMPANY_NAME_1,P_COMPANY_NAME_2,P_BUSINESS_TITLE,P_STREET1,P_STREET2,P_STREET3,P_CITYLINE,P_FOREIGN_CITYZIP,P_COUNTRY_DESC,P_FLAG_FOREIGN,P_ZIPCODE,SAL_SINGLE,COMB_MAIL_NAME,P_EMAIL_ADDRESS,P_PHONE_FORMATTED
AL,0000005506,1959,Mr. Gary E. Melickian,Mr. Gary E. Melickian,Gary,"MELICKIAN,GARY,E.", , , , ,3711 Windom Place Northwest, , ,"Washington, DC  20016-2238", , ,0,20016-2238,Gary,Mr. and Mrs. Gary E. Melickian,garym@his.com,(202) 364-8848  
AL,0000006176,1963,Dr. Fred J. Hilterman,Dr. and Mrs. Fred J. Hilterman  ,Fred and Kathi,"HILTERMAN,FRED,J.", , , , ,1324 Neeley Drive, , ,"Houston, TX  77055-4813", , ,0,77055-4813,Fred,Dr. and Mrs. Fred J. Hilterman,fredkathi@aol.com,(713) 467-2599  
FR,0000028165, ,Ms. Rita Bass,Mr. William K. Coors and Ms. Rita Bass  ,Bill and Rita,"BASS,RITA,", , , , ,Eagle Mountain,21509 Cabrini Boulevard, ,"Golden, CO  80401-9406", , ,0,80401-9406,Rita,Mr. William K. Coors and Mrs. Rita Bass, ,(303) 526-5336  
FR,0000032171, ,Mrs. Erika H. Lockridge,Mr. and Mrs. John P. Lockridge  ,John and Erika,"LOCKRIDGE,ERIKA,H.", , , , ,P.O. Box 1499, , ,"Pebble Beach, CA  93953-1499", , ,0,93953-1499,Erika,Mr. and Mrs. John P. Lockridge, ,(831) 620-1467  
AL,0000005641,1960,Mr. S. Bruce Heister,Mr. and Mrs. S. Bruce Heister  ,Bruce and Ellie,"HEISTER,S.,BRUCE", , , , ,107 Emerson Street, , ,"Palo Alto, CA  94301-1020", , ,0,94301-1020,Bruce,Mr. and Mrs. S. Bruce Heister,sbheister.60@alum.mines.edu,(650) 328-9602  
FR,0000029939, ,Mr. William Hui Chun Lim,Mr. William Hui Chun Lim,William,"HUI CHUN LIM,WILLIAM,", , , , ,17th Floor,Central Building,"1 Pedder Street, Central", ,Hong Kong,HONG KONG,1, ,William,Mr. William Hui Chun Lim and Guest, , 
FR,0000020632, ,Mrs. Anna Kwok-Choy Kong Hui,Mrs. Anna Kwok-Choy Kong Hui,Anna,"HUI,ANNA,KWOK-CHOY KONG", , , , ,"17th Floor, Central Building","1 Pedder Street, Central", , ,Hong Kong,HONG KONG,1, ,Anna,Mrs. Anna Kwok-Choy Kong Hui and Guest, , 
FR,0000030239, ,Mr. Richard C. Y. Hui,Mr. Richard C. Y. Hui,Richard,"HUI,RICHARD,C. Y.", , , , ,17th Floor,Central Building,"1 Pedder Street, Central", , ,HONG KONG,1, ,Richard,Mr. Richard C. Y. Hui and Guest, , 
